{
  "results": [
    {
      "command": "./sqlite-regex.sh",
      "mean": 0.11267520686500002,
      "stddev": 0.029391610330499925,
      "median": 0.10629417782500002,
      "user": 0.08536712000000002,
      "system": 0.011847024999999997,
      "min": 0.102419562825,
      "max": 0.252516121825,
      "times": [
        0.10913872782500002,
        0.10526252182500001,
        0.10815751282500001,
        0.10531610382500001,
        0.105438179825,
        0.11364773382500001,
        0.10658175582500001,
        0.10662998982500001,
        0.107044779825,
        0.10425893182500001,
        0.10836027982500002,
        0.10422059082500001,
        0.252516121825,
        0.11496441782500001,
        0.10379165082500001,
        0.10360743082500001,
        0.10702090782500001,
        0.10251035782500001,
        0.10366562882500001,
        0.10629417782500002,
        0.104358793825,
        0.102419562825,
        0.10682055282500001,
        0.10597068082500001,
        0.11888277982500002
      ]
    },
    {
      "command": "./regexp.sh",
      "mean": 0.25997581682500004,
      "stddev": 0.024898321763919803,
      "median": 0.249294825825,
      "user": 0.22347412000000003,
      "system": 0.013309364999999998,
      "min": 0.241774834825,
      "max": 0.319424051825,
      "times": [
        0.290193496825,
        0.319424051825,
        0.241774834825,
        0.256489086825,
        0.249630323825,
        0.247342144825,
        0.246143203825,
        0.251682829825,
        0.24895932782500002,
        0.24811886782500003
      ]
    },
    {
      "command": "./sqlean-re.sh",
      "mean": 0.439621356325,
      "stddev": 0.007868634482063867,
      "median": 0.43852355232500007,
      "user": 0.4151294200000001,
      "system": 0.012904165,
      "min": 0.427948924825,
      "max": 0.452410292825,
      "times": [
        0.43873102282500004,
        0.43592116482500004,
        0.44692509282500004,
        0.431044881825,
        0.427948924825,
        0.43831608182500004,
        0.433394053825,
        0.44546314882500004,
        0.446058898825,
        0.452410292825
      ]
    },
    {
      "command": "./sqlean-re-old.sh",
      "mean": 0.792800548725,
      "stddev": 0.14631192742771013,
      "median": 0.702050492825,
      "user": 0.67282412,
      "system": 0.017852265,
      "min": 0.688680482825,
      "max": 1.043339850825,
      "times": [
        0.704442968825,
        1.010896312825,
        0.945591040825,
        0.759589707825,
        0.6903072868250001,
        0.6887304818250001,
        0.6996580168250001,
        0.6967693378250001,
        1.043339850825,
        0.688680482825
      ]
    }
  ]
}
