{
  "results": [
    {
      "command": "./sqlite-regex.sh",
      "mean": 0.054372564830784335,
      "stddev": 0.0005315813126198082,
      "median": 0.054373242870000005,
      "user": 0.04359116519607843,
      "system": 0.005847851078431375,
      "min": 0.05331200287000001,
      "max": 0.055514036870000005,
      "times": [
        0.055139827870000005,
        0.05409116287,
        0.05445735787000001,
        0.053842791870000004,
        0.05448646387,
        0.055514036870000005,
        0.05400693587,
        0.055154393870000006,
        0.05416289187000001,
        0.05395684287000001,
        0.054107605870000006,
        0.054620449870000004,
        0.05519709887,
        0.05398021787000001,
        0.054373242870000005,
        0.05487026887,
        0.053872738870000006,
        0.05497840687,
        0.05343802787,
        0.053459206870000005,
        0.054260989870000005,
        0.053631891870000004,
        0.054111958870000004,
        0.05395722287,
        0.05451430587,
        0.053698185870000005,
        0.05438437687000001,
        0.055285750870000004,
        0.054758866870000006,
        0.05426507387000001,
        0.05491254887,
        0.05534420587,
        0.05383498087000001,
        0.05445113287,
        0.054479982870000006,
        0.05331200287000001,
        0.05429368687,
        0.054001591870000004,
        0.05479302087000001,
        0.05374784187000001,
        0.054810163870000005,
        0.054740056870000005,
        0.05444112887,
        0.054216403870000006,
        0.05425796587,
        0.055065487870000006,
        0.054823834870000004,
        0.05469258987,
        0.053751407870000004,
        0.05397611387,
        0.05447606287
      ]
    },
    {
      "command": "./regexp.sh",
      "mean": 0.12548822508739133,
      "stddev": 0.0011727640357036106,
      "median": 0.12519553887,
      "user": 0.11441889239130433,
      "system": 0.005927785434782608,
      "min": 0.12384031187,
      "max": 0.12927648487,
      "times": [
        0.12521587087,
        0.12384031187,
        0.12480195587000001,
        0.12549902687,
        0.12601430687,
        0.12481248987000002,
        0.12519553887,
        0.12638769587,
        0.12604039187000002,
        0.12426679487,
        0.12513222387,
        0.12517647987,
        0.12433811687000002,
        0.12591836487000002,
        0.12578433887,
        0.12568511887,
        0.12763933087,
        0.12493951187000002,
        0.12609870087,
        0.12927648487,
        0.12427449287,
        0.12492496587000002,
        0.12496666287
      ]
    },
    {
      "command": "./sqlean-re.sh",
      "mean": 0.35747110417000005,
      "stddev": 0.019674148400044274,
      "median": 0.34542798687,
      "user": 0.3338626749999999,
      "system": 0.006953555,
      "min": 0.34252614387,
      "max": 0.39998933287,
      "times": [
        0.36573534187,
        0.36690300387,
        0.34263379087,
        0.34604847087,
        0.37801525287,
        0.39998933287,
        0.34252614387,
        0.34459688187,
        0.34480750287,
        0.34345531987
      ]
    }
  ]
}
