{
  "results": [
    {
      "command": "./sqlite-regex.sh",
      "mean": 0.1742572313175,
      "stddev": 0.005392827326259962,
      "median": 0.17231639638000001,
      "user": 0.15581114999999998,
      "system": 0.011448619999999998,
      "min": 0.16904181338000002,
      "max": 0.18774281538,
      "times": [
        0.17320623738000002,
        0.16904181338000002,
        0.17510701938000003,
        0.17113916838,
        0.17024163138,
        0.17161788338000003,
        0.17057605138,
        0.16998865538000002,
        0.17301490938000003,
        0.17995066838,
        0.18774281538,
        0.18327223138,
        0.17813933638,
        0.17435727538,
        0.17055851538000003,
        0.17016148938000003
      ]
    },
    {
      "command": "./regexp.sh",
      "mean": 0.2273043020466667,
      "stddev": 0.004043807716351632,
      "median": 0.22712539788000002,
      "user": 0.20874265,
      "system": 0.012063078333333331,
      "min": 0.22283077438,
      "max": 0.23762479038000003,
      "times": [
        0.22706372238000003,
        0.22446529338,
        0.22395511738,
        0.22360731238000003,
        0.23106041838000002,
        0.22718707338000002,
        0.22843294638000003,
        0.22829566938,
        0.23762479038000003,
        0.22283077438,
        0.22536540038000002,
        0.22776310638000002
      ]
    },
    {
      "command": "./sqlean-re.sh",
      "mean": 0.28892881498,
      "stddev": 0.005089316670240326,
      "median": 0.28804239438,
      "user": 0.27235390000000004,
      "system": 0.011376695,
      "min": 0.28380435538000004,
      "max": 0.30253571438000004,
      "times": [
        0.28941750838,
        0.28637030138,
        0.28909260038,
        0.28643868938,
        0.30253571438000004,
        0.28833422538000003,
        0.28631053438000004,
        0.28775056338000005,
        0.28380435538000004,
        0.28923365738
      ]
    }
  ]
}
